<xml xmlns="http://www.w3.org/1999/xhtml">
  <block type="megaPi_ultrasonic_config" id="8bh%M7Vupsc04ug{={Uh" x="1" y="-29">
    <field name="MEGAPI_ULTRASONIC_NAME">MiMegaPiUltrasonico</field>
    <field name="MEGAPI_ULTRASONIC_PORT">7</field>
  </block>
  <block type="megaPi_encoder_init" id=",)c!*ykEPtm~C}wIXDD|" x="0" y="28"></block>
  <block type="megaPi_encoder_config" id="_WCkBcz`0VTv;W)Us.Tm" x="1" y="64">
    <field name="MEGAPI_ENCODER_NAME">MiEncoderMotor</field>
    <field name="MEGAPI_ENCODER_SLOT">SLOT1</field>
  </block>
  <block type="megaPi_encoder_config" id="!L@wznMG^XFN;Bh7(u1D" x="260" y="61">
    <field name="MEGAPI_ENCODER_NAME">MiMotorEncoder</field>
    <field name="MEGAPI_ENCODER_SLOT">SLOT2</field>
  </block>
  <block type="variables_set" id="{e^MrLX!tV#NUdjcP]rN" x="-1" y="141">
    <field name="VAR">i</field>
    <value name="VALUE">
      <block type="megaPi_ultrasonic_distance" id="ePX[mA{YmOuGPJlCa9J~">
        <field name="MEGAPI_ULTRASONIC_NAME">MiMegaPiUltrasonico</field>
      </block>
    </value>
    <next>
      <block type="controls_if" id="BvETzoCXs2L0iXr||yr{">
        <mutation else="1"></mutation>
        <value name="IF0">
          <block type="logic_compare" id="o/VS)?w#d~==Ln;{T[Xh">
            <field name="OP">LT</field>
            <value name="A">
              <block type="variables_get" id="|dTnoWZI4dJHrCaF3x?H">
                <field name="VAR">i</field>
              </block>
            </value>
            <value name="B">
              <block type="math_number" id="JCA5kh9CaoFWVa`A;lKn">
                <field name="NUM">25</field>
              </block>
            </value>
          </block>
        </value>
        <statement name="DO0">
          <block type="megaPi_encoder_spin" id="TT[Z{c=m^gOKh)^L:g+g">
            <field name="MEGAPI_ENCODER_NAME_1">MiEncoderMotor</field>
            <field name="MEGAPI_ENCODER_NAME_2">MiMotorEncoder</field>
            <field name="MEGAPI_ENCODER_SPIN">ENCODER_LEFT</field>
            <value name="MEGAPI_ENCODER_SPIN_TIME">
              <block type="math_number" id="=1AZ5^|RG84A:O)dzf~D">
                <field name="NUM">4000</field>
              </block>
            </value>
          </block>
        </statement>
        <statement name="ELSE">
          <block type="megaPi_encoder_gostraight" id="x/LFum%CzomLxN_Tte*4">
            <field name="MEGAPI_ENCODER_NAME_1">MiEncoderMotor</field>
            <field name="MEGAPI_ENCODER_NAME_2">MiMotorEncoder</field>
            <field name="MEGAPI_ENCODER_GO_STRAIGHT_FOR_BACK">ENCODER_FORWARD</field>
            <value name="MEGAPI_ENCODER_GO_STRAIGHT">
              <block type="math_number" id="X1Azw5-j~#j7R=[W))Pl">
                <field name="NUM">100</field>
              </block>
            </value>
          </block>
        </statement>
      </block>
    </next>
  </block>
</xml>